Category,Full_Category,N_Category,Mean_Category,Overall_Mean,Median_Category,Q25_Category,Q75_Category,Overall_Median,Difference,P_Value,P_Value_Corrected,Significant,Direction,Cohens_D
ask a genuine question,Comment_ask a genuine question,4518,9.120185922974768,12.39547508818342,3.0,1.0,9.0,3.0,0.0,5.512954372799469e-12,8.820726996479151e-11,True,LOWER,
ask a rhetorical question,Comment_ask a rhetorical question,3868,8.355739400206826,12.39547508818342,2.0,0.0,9.0,3.0,-1.0,2.5955642142785355e-35,4.152902742845657e-34,True,LOWER,
provide a fact or claim,Comment_provide a fact or claim,25019,13.186778048683001,12.39547508818342,4.0,1.0,12.0,3.0,1.0,2.6960033914857704e-28,4.3136054263772326e-27,True,HIGHER,
provide an observation,Comment_provide an observation,13470,14.749220489977729,12.39547508818342,4.0,1.0,13.0,3.0,1.0,2.9959416396573742e-61,4.793506623451799e-60,True,HIGHER,
express their opinion,Comment_express their opinion,30596,12.79791476009936,12.39547508818342,3.0,1.0,12.0,3.0,0.0,2.4054638554713432e-09,3.848742168754149e-08,True,LOWER,
express others opinions,Comment_express others opinions,5875,13.783489361702127,12.39547508818342,3.0,1.0,12.0,3.0,0.0,0.8932182097475473,1.0,False,NS,
money aid allocation,Critique_money aid allocation,8035,13.041568139390169,12.39547508818342,3.0,1.0,11.0,3.0,0.0,0.0004778293305008336,0.007645269288013338,True,LOWER,
government critique,Critique_government critique,10290,13.57463556851312,12.39547508818342,3.0,1.0,12.0,3.0,0.0,0.003074055525645386,0.04918488841032618,True,LOWER,
societal critique,Critique_societal critique,26660,12.931582895723931,12.39547508818342,3.0,1.0,12.0,3.0,0.0,0.8211333330768035,1.0,False,NS,
solutions/interventions,Response_solutions/interventions,9499,13.151068533529845,12.39547508818342,3.0,1.0,12.0,3.0,0.0,0.00037045999157800163,0.005927359865248026,True,LOWER,
personal interaction,Perception_personal interaction,5259,16.105153070926033,12.39547508818342,4.0,1.0,14.0,3.0,1.0,4.353017766045519e-25,6.964828425672831e-24,True,HIGHER,
media portrayal,Perception_media portrayal,2513,11.328292877039395,12.39547508818342,3.0,1.0,11.0,3.0,0.0,0.14919420463400507,1.0,False,NS,
not in my backyard,Perception_not in my backyard,3404,17.849588719153935,12.39547508818342,5.0,1.0,15.0,3.0,2.0,5.218197909401727e-19,8.349116655042763e-18,True,HIGHER,
harmful generalization,Perception_harmful generalization,10236,15.58450566627589,12.39547508818342,4.0,1.0,14.0,3.0,1.0,2.7374861185841928e-37,4.3799777897347084e-36,True,HIGHER,
deserving/undeserving,Perception_deserving/undeserving,11998,14.881730288381396,12.39547508818342,4.0,1.0,13.0,3.0,1.0,1.1342183904470842e-30,1.8147494247153348e-29,True,HIGHER,
racist,Racist_Flag,58,5.5344827586206895,12.39547508818342,2.0,1.0,5.0,3.0,-1.0,0.25630309859414635,1.0,False,NS,
