year_half,source,avg_bias,std_bias,count
2015-H1,meeting_minutes,0.19140625,0.4405509192489651,768
2015-H1,news,0.044444444444444446,0.20840907713999274,45
2015-H1,reddit,0.782312925170068,0.8562182445084058,147
2015-H2,meeting_minutes,0.24484536082474226,0.5223759385894033,776
2015-H2,news,0.09433962264150944,0.2950978288503027,53
2015-H2,reddit,0.7816091954022989,0.9564016056394232,348
2016-H1,meeting_minutes,0.23026315789473684,0.4865306928495242,912
2016-H1,news,0.14864864864864866,0.45877837883727673,74
2016-H1,reddit,0.8556701030927835,0.909600413083901,291
2016-H2,meeting_minutes,0.2657952069716776,0.5274844827074786,918
2016-H2,news,0.2159090909090909,0.5560299263500708,88
2016-H2,reddit,0.9272997032640949,1.0209089600426209,674
2017-H1,meeting_minutes,0.2695214105793451,0.5029237975392878,397
2017-H1,news,0.09523809523809523,0.29590134113693356,63
2017-H1,reddit,0.8781362007168458,0.932731408639814,279
2017-H2,meeting_minutes,0.24775583482944344,0.5225313573488541,557
2017-H2,news,0.2542372881355932,0.5575655368012629,118
2017-H2,reddit,0.8091822094691535,0.9157162527470564,697
2018-H1,meeting_minutes,0.20077972709551656,0.4292064081979749,513
2018-H1,news,0.2857142857142857,0.5913664563654976,126
2018-H1,reddit,0.9145785876993167,0.9554461273430265,878
2018-H2,meeting_minutes,0.24778761061946902,0.4897346241501371,678
2018-H2,news,0.1728395061728395,0.4673201904659652,162
2018-H2,reddit,0.8929471032745592,0.9232191225653247,794
2019-H1,meeting_minutes,0.2737864077669903,0.5036754338028093,515
2019-H1,news,0.19014084507042253,0.44455888714033265,142
2019-H1,reddit,0.8383233532934131,0.8582219573989558,334
2019-H2,meeting_minutes,0.1945031712473573,0.46053052550983264,473
2019-H2,news,0.4935897435897436,0.8385609399194811,156
2019-H2,reddit,0.8584269662921349,0.9367883036904174,890
2020-H1,meeting_minutes,0.2054263565891473,0.44157660188664394,258
2020-H1,news,0.25206611570247933,0.6232825929153827,242
2020-H1,reddit,0.7857142857142857,0.9215292373455763,812
2020-H2,meeting_minutes,0.22674418604651161,0.48459892830156925,172
2020-H2,news,0.2578616352201258,0.48016131885692664,159
2020-H2,reddit,0.7527151211361738,0.8934936108645517,1197
2021-H1,meeting_minutes,0.2112676056338028,0.504706221698651,71
2021-H1,news,0.19718309859154928,0.4643838982953799,213
2021-H1,reddit,0.8425149700598802,0.9383582150116749,1670
2021-H2,meeting_minutes,0.3023255813953488,0.573687516912355,172
2021-H2,news,0.39545454545454545,0.7481955600629864,220
2021-H2,reddit,0.9051789794364051,0.9536675203564023,2626
2022-H1,meeting_minutes,0.25,0.4776560894679615,104
2022-H1,news,0.19112627986348124,0.48007179945183354,293
2022-H1,reddit,0.8486625137412972,0.9250698670164657,2729
2022-H2,meeting_minutes,0.26595744680851063,0.5323013924115769,94
2022-H2,news,0.4866666666666667,0.7835272738165007,150
2022-H2,reddit,0.8646635212316861,0.9312216574096787,4027
2023-H1,meeting_minutes,0.3375,0.529831108122953,320
2023-H1,news,0.11224489795918367,0.47369251545755386,98
2023-H1,reddit,0.8857213683688646,0.9466709324816445,4034
2023-H2,meeting_minutes,0.35172413793103446,0.6447126929949261,290
2023-H2,news,0.25882352941176473,0.6006532391700641,85
2023-H2,reddit,0.8166368515205724,0.9271908615894576,4472
2024-H1,meeting_minutes,0.245,0.4749093040968922,400
2024-H1,news,0.24324324324324326,0.5965365503100845,37
2024-H1,reddit,0.8563218390804598,0.9323419685336658,3480
2024-H2,meeting_minutes,0.3073394495412844,0.6087240446902253,218
2024-H2,news,0.030303030303030304,0.17273340683501223,66
2024-H2,reddit,0.8266697480933672,0.9308006276234427,4327
2024-H2,twitter,0.7780386019822639,0.8613979819150387,3834
2025-H1,reddit,0.7333333333333333,1.0327955589886444,15
