year_half,source,city_size,avg_bias,std_bias,count
2015-H1,meeting_minutes,Large,0.19079837618403248,0.4387982927013009,739
2015-H1,meeting_minutes,Small,0.20689655172413793,0.4913036844405174,29
2015-H1,news,Large,0.05,0.22072142786315224,40
2015-H1,news,Small,0.0,0.0,5
2015-H1,reddit,Large,0.7887323943661971,0.8574329650657598,142
2015-H1,reddit,Small,0.6,0.894427190999916,5
2015-H2,meeting_minutes,Large,0.24517906336088155,0.5230654033368571,726
2015-H2,meeting_minutes,Small,0.24,0.5174505793221381,50
2015-H2,news,Large,0.125,0.3349320635285418,40
2015-H2,news,Small,0.0,0.0,13
2015-H2,reddit,Large,0.7801857585139319,0.9642574925664115,323
2015-H2,reddit,Small,0.8,0.8660254037844386,25
2016-H1,meeting_minutes,Large,0.23120089786756454,0.4884883988125757,891
2016-H1,meeting_minutes,Small,0.19047619047619047,0.4023739080814782,21
2016-H1,news,Large,0.19642857142857142,0.519427757060782,56
2016-H1,news,Small,0.0,0.0,18
2016-H1,reddit,Large,0.8506944444444444,0.9040749042213793,288
2016-H1,reddit,Small,1.3333333333333333,1.5275252316519468,3
2016-H2,meeting_minutes,Large,0.27408256880733944,0.5352062877452708,872
2016-H2,meeting_minutes,Small,0.10869565217391304,0.3146963876899777,46
2016-H2,news,Large,0.2328767123287671,0.5897397718298555,73
2016-H2,news,Small,0.13333333333333333,0.3518657752744984,15
2016-H2,reddit,Large,0.9304084720121029,1.0230663873365269,661
2016-H2,reddit,Small,0.7692307692307693,0.9268086959962983,13
2017-H1,meeting_minutes,Large,0.26575342465753427,0.4950910611329891,365
2017-H1,meeting_minutes,Small,0.3125,0.5922891621605981,32
2017-H1,news,Large,0.09090909090909091,0.29012942659282975,55
2017-H1,news,Small,0.125,0.3535533905932738,8
2017-H1,reddit,Large,0.88671875,0.9154766116458621,256
2017-H1,reddit,Small,0.782608695652174,1.1263989983825944,23
2017-H2,meeting_minutes,Large,0.24855491329479767,0.5289612757519382,519
2017-H2,meeting_minutes,Small,0.23684210526315788,0.4308514841827461,38
2017-H2,news,Large,0.2692307692307692,0.5613916347682356,104
2017-H2,news,Small,0.14285714285714285,0.5345224838248488,14
2017-H2,reddit,Large,0.8164179104477612,0.9233877016244706,670
2017-H2,reddit,Small,0.6296296296296297,0.6877023141843227,27
2018-H1,meeting_minutes,Large,0.19787234042553192,0.4247107942136503,470
2018-H1,meeting_minutes,Small,0.23255813953488372,0.4799409339811952,43
2018-H1,news,Large,0.2845528455284553,0.5939631440137971,123
2018-H1,news,Small,0.3333333333333333,0.5773502691896258,3
2018-H1,reddit,Large,0.92,0.9588469714835645,850
2018-H1,reddit,Small,0.75,0.8443713418650368,28
2018-H2,meeting_minutes,Large,0.23825503355704697,0.4818866724663291,596
2018-H2,meeting_minutes,Small,0.3170731707317073,0.5415580809791068,82
2018-H2,news,Large,0.1953125,0.4869735194663231,128
2018-H2,news,Small,0.08823529411764706,0.3788057036804223,34
2018-H2,reddit,Large,0.8497652582159625,0.9127943462125718,639
2018-H2,reddit,Small,1.070967741935484,0.9473796906063797,155
2019-H1,meeting_minutes,Large,0.2719665271966527,0.502914673367703,478
2019-H1,meeting_minutes,Small,0.2972972972972973,0.5198752449100364,37
2019-H1,news,Large,0.1937984496124031,0.4520356626529343,129
2019-H1,news,Small,0.15384615384615385,0.3755338080994054,13
2019-H1,reddit,Large,0.8701754385964913,0.8684543725964748,285
2019-H1,reddit,Small,0.6530612244897959,0.7786478774175157,49
2019-H2,meeting_minutes,Large,0.19607843137254902,0.46581867772391033,408
2019-H2,meeting_minutes,Small,0.18461538461538463,0.42910909496841876,65
2019-H2,news,Large,0.5467625899280576,0.8699743589652582,139
2019-H2,news,Small,0.058823529411764705,0.24253562503633297,17
2019-H2,reddit,Large,0.8731082654249127,0.941882755245351,859
2019-H2,reddit,Small,0.45161290322580644,0.6752140242135257,31
2020-H1,meeting_minutes,Large,0.21076233183856502,0.4506960103105566,223
2020-H1,meeting_minutes,Small,0.17142857142857143,0.3823852604310971,35
2020-H1,news,Large,0.2579185520361991,0.6406624502452579,221
2020-H1,news,Small,0.19047619047619047,0.40237390808147816,21
2020-H1,reddit,Large,0.7890724269377383,0.9266935002190176,787
2020-H1,reddit,Small,0.68,0.7483314773547882,25
2020-H2,meeting_minutes,Large,0.19230769230769232,0.4423442203314545,104
2020-H2,meeting_minutes,Small,0.27941176470588236,0.5421237462770253,68
2020-H2,news,Large,0.26666666666666666,0.48696659569665035,150
2020-H2,news,Small,0.1111111111111111,0.3333333333333333,9
2020-H2,reddit,Large,0.7650375939849624,0.8917197219728065,1064
2020-H2,reddit,Small,0.6541353383458647,0.9049117886187222,133
2021-H1,meeting_minutes,Large,0.25,0.5430209893473684,40
2021-H1,meeting_minutes,Small,0.16129032258064516,0.4543694673976518,31
2021-H1,news,Large,0.20618556701030927,0.4761273903183211,194
2021-H1,news,Small,0.10526315789473684,0.3153017676423058,19
2021-H1,reddit,Large,0.8324324324324325,0.9376950302409109,1480
2021-H1,reddit,Small,0.9210526315789473,0.9422920088908177,190
2021-H2,meeting_minutes,Large,0.31851851851851853,0.6065790033796689,135
2021-H2,meeting_minutes,Small,0.24324324324324326,0.43495883620084,37
2021-H2,news,Large,0.39903846153846156,0.7546308170298561,208
2021-H2,news,Small,0.3333333333333333,0.6513389472789296,12
2021-H2,reddit,Large,0.9038881607688947,0.9518236534184258,2289
2021-H2,reddit,Small,0.913946587537092,0.9674839284972762,337
2022-H1,meeting_minutes,Large,0.23214285714285715,0.42602054703207276,56
2022-H1,meeting_minutes,Small,0.2708333333333333,0.5355285054428419,48
2022-H1,news,Large,0.20152091254752852,0.4877092098945416,263
2022-H1,news,Small,0.1,0.4025778999364488,30
2022-H1,reddit,Large,0.8512551517422255,0.9260409466099354,2669
2022-H1,reddit,Small,0.7333333333333333,0.880421060026311,60
2022-H2,meeting_minutes,Large,0.14285714285714285,0.35856858280031806,21
2022-H2,meeting_minutes,Small,0.3013698630136986,0.5697204847517897,73
2022-H2,news,Large,0.5107913669064749,0.7927836343791553,139
2022-H2,news,Small,0.18181818181818182,0.6030226891555273,11
2022-H2,reddit,Large,0.8707244815513062,0.9368457129409157,3713
2022-H2,reddit,Small,0.7929936305732485,0.8600924721576024,314
2023-H1,meeting_minutes,Large,0.34615384615384615,0.5615911461059686,26
2023-H1,meeting_minutes,Small,0.336734693877551,0.5279339125893044,294
2023-H1,news,Large,0.08333333333333333,0.27804538648895283,84
2023-H1,news,Small,0.2857142857142857,1.0690449676496976,14
2023-H1,reddit,Large,0.8840767634854771,0.9459014343725883,3856
2023-H1,reddit,Small,0.9213483146067416,0.9652108940961501,178
2023-H2,meeting_minutes,Large,0.19718309859154928,0.40070360652443626,71
2023-H2,meeting_minutes,Small,0.4018264840182648,0.6994075782973638,219
2023-H2,news,Large,0.25882352941176473,0.6006532391700641,85
2023-H2,reddit,Large,0.8181186283595923,0.928526053008339,4316
2023-H2,reddit,Small,0.7756410256410257,0.8913470628408837,156
2024-H1,meeting_minutes,Large,0.32,0.5567764362830021,25
2024-H1,meeting_minutes,Small,0.24,0.46938348459971746,375
2024-H1,news,Large,0.24324324324324326,0.5965365503100845,37
2024-H1,reddit,Large,0.851024208566108,0.9331075661102726,3222
2024-H1,reddit,Small,0.9224806201550387,0.9219536278147935,258
2024-H2,meeting_minutes,Large,0.21875,0.49084357931507955,32
2024-H2,meeting_minutes,Small,0.3225806451612903,0.6266390887227329,186
2024-H2,news,Large,0.03333333333333333,0.18102033471939252,60
2024-H2,news,Small,0.0,0.0,6
2024-H2,reddit,Large,0.8405608932744741,0.9339351723199215,3851
2024-H2,reddit,Small,0.7142857142857143,0.8981183337140954,476
2024-H2,twitter,Large,0.798993570030752,0.8631915534552046,3577
2024-H2,twitter,Small,0.48638132295719844,0.7811308274865392,257
2025-H1,reddit,Large,0.7272727272727273,1.1037127426019047,11
2025-H1,reddit,Small,0.75,0.9574271077563382,4
