City,Total Comments,Express Opinion (%),Societal Critique (%),Solutions (%),Deserving/Undeserving (%),Racist (%),Source
portland,15301,89.22292660610418,78.0406509378472,27.926279328148485,35.04999673223973,0.1241748905300307,reddit
san francisco,14777,87.27075861135548,77.20105569466062,25.296068214116534,34.384516478310886,0.2097854774311429,reddit
kalamazoo,1939,88.4476534296029,75.81227436823104,31.40794223826715,36.204228984012374,0.2578648788035069,reddit
baltimore,1215,83.7037037037037,66.41975308641975,34.89711934156379,32.427983539094654,0.1646090534979424,reddit
buffalo,589,82.68251273344653,58.91341256366724,29.03225806451613,31.57894736842105,0.1697792869269949,reddit
south bend,196,84.6938775510204,62.244897959183675,37.755102040816325,36.734693877551024,0.0,reddit
rockford,188,82.97872340425532,69.14893617021278,22.340425531914892,36.702127659574465,0.0,reddit
el paso,154,77.27272727272727,51.94805194805194,23.376623376623375,25.97402597402597,0.0,reddit
fayetteville,102,84.31372549019608,58.82352941176471,36.27450980392157,14.705882352941178,0.0,reddit
scranton,79,84.81012658227847,74.68354430379746,34.177215189873415,22.78481012658228,0.0,reddit
san francisco,1537,41.314248536109304,39.23227065712427,54.26154847104749,7.482108002602472,0.0650618087182823,news
portland,397,47.3551637279597,38.79093198992443,57.68261964735516,7.304785894206549,0.0,news
buffalo,196,40.30612244897959,12.755102040816327,81.63265306122449,4.591836734693878,0.0,news
scranton,159,32.70440251572327,17.61006289308176,60.37735849056604,2.515723270440252,0.0,news
baltimore,156,38.46153846153847,34.61538461538461,62.82051282051282,10.256410256410255,0.0,news
south bend,49,34.69387755102041,18.367346938775512,69.38775510204081,4.081632653061225,0.0,news
fayetteville,32,28.125,6.25,87.5,3.125,0.0,news
el paso,31,25.806451612903224,25.806451612903224,54.83870967741935,3.225806451612903,0.0,news
kalamazoo,11,18.181818181818183,18.181818181818183,36.36363636363637,0.0,0.0,news
rockford,9,44.44444444444444,0.0,77.77777777777779,0.0,0.0,news
san francisco,2149,86.31921824104235,52.489530013959985,15.774778966961378,17.91530944625407,0.1395998138669148,x
portland,1096,85.3102189781022,52.55474452554745,19.434306569343065,20.346715328467152,0.1824817518248175,x
baltimore,222,65.31531531531532,27.927927927927925,46.3963963963964,15.315315315315312,0.4504504504504504,x
buffalo,101,71.28712871287128,25.742574257425744,32.67326732673268,15.84158415841584,0.0,x
fayetteville,77,68.83116883116884,25.97402597402597,55.84415584415584,15.584415584415584,0.0,x
south bend,60,56.666666666666664,26.666666666666668,43.333333333333336,13.333333333333334,0.0,x
scranton,51,78.43137254901961,31.37254901960784,33.33333333333333,27.450980392156865,0.0,x
el paso,38,31.57894736842105,10.526315789473683,36.84210526315789,13.157894736842104,0.0,x
rockford,37,54.054054054054056,29.72972972972973,51.35135135135135,13.513513513513514,0.0,x
kalamazoo,32,34.375,15.625,75.0,12.5,0.0,x
portland,6618,76.56391659111515,24.992444847385915,61.04563312178905,10.426110607434271,0.0453309156844968,meeting_minutes
fayetteville,1043,85.52253116011505,28.28379674017258,63.08724832214765,13.90220517737296,0.0,meeting_minutes
scranton,514,76.07003891050583,23.346303501945524,40.07782101167315,13.813229571984436,0.0,meeting_minutes
south bend,330,77.27272727272727,13.636363636363637,75.15151515151514,8.484848484848486,0.0,meeting_minutes
el paso,284,73.94366197183099,18.30985915492958,64.7887323943662,15.845070422535212,0.352112676056338,meeting_minutes
rockford,243,67.48971193415639,25.925925925925924,58.0246913580247,12.34567901234568,0.0,meeting_minutes
buffalo,135,81.48148148148148,23.703703703703702,70.37037037037037,9.62962962962963,0.0,meeting_minutes
san francisco,14,100.0,42.857142857142854,42.857142857142854,28.57142857142857,0.0,meeting_minutes
